Opcode,Mnemonic,2BOP,1U,OSO,OSO.AFF,MRM,IMM,OP,LD.EIP,EIP.MUX,DS,imx,LD.EFLAGS,LD.CS,CS.MUX,LD.SREG,SREG.MUX,OPDec,,,,,,,
37,AAA,0,1,0,0,0,0,37,0,XXX,XX,XX,1,0,XX,0,X,55,,,,2BOP = 2-bit opcode?,,,
81 /2 id,"ADC r/m32,imm32",0,1,0,0,1,4,81,0,XXX,10,11,0,0,XX,0,X,129,,,,1U = can be done in 1 uop (just for reference),,,
83 /2 ib,"ADC r/m32,imm8",0,1,0,0,1,1,83,0,XXX,10,00,0,0,XX,0,X,131,,,,OSO = REQUIRES operand size override?,,,
11 /r,"ADC r/m32,r32",0,1,0,0,1,0,11,0,XXX,10,XX,0,0,XX,0,X,17,,,,OSO.AFF = affected by operand size override?,,,
13 /r,"ADC r32,r/m32",0,1,0,0,1,0,13,0,XXX,10,XX,0,0,XX,0,X,19,,,,MRM = # bytes for modr/m,,,
04 ib,"ADD AL,imm8",0,1,0,0,0,1,04,0,XXX,00,00,1,0,XX,0,X,4,,,,IMM = # bytes for immediate,,,
05 iw,"ADD AX,imm16",0,1,1,1,0,2,05,0,XXX,01,01,1,0,XX,0,X,5,,,,OP = opcode (2nd byte of 0F opcodes),,,
05 id,"ADD EAX,imm32",0,1,0,1,0,4,05,0,XXX,10,11,1,0,XX,0,X,5,,,,LD.EIP = changes EIP in EX,,,
80 /0 ib,"ADD r/m8,imm8",0,1,0,0,1,1,80,0,XXX,00,00,1,0,XX,0,X,128,,,,EIP.MUX = new EIP source,,,
81 /0 iw,"ADD r/m16,imm16",0,1,1,1,1,2,81,0,XXX,01,01,1,0,XX,0,X,129,,,,DS = Data size,,,
81 /0 id,"ADD r/m32,imm32",0,1,0,1,1,4,81,0,XXX,10,11,1,0,XX,0,X,129,,,,imx = immediate mux select,,,
83 /0 ib,"ADD r/m16,imm8",0,1,1,1,1,1,83,0,XXX,01,00,1,0,XX,0,X,131,,,,LD.EFLAGS = Changes EFLAGS in EX,,,
83 /0 ib,"ADD r/m32,imm8",0,1,0,1,1,1,83,0,XXX,10,00,1,0,XX,0,X,131,,,,,,,
00 /r,"ADD r/m8,r8",0,1,0,0,1,0,00,0,XXX,00,XX,1,0,XX,0,X,0,,,,LD.CS = is a far branch (writes CS in EX?),,,
01 /r,"ADD r/m16,r16",0,1,1,1,1,0,01,0,XXX,01,XX,1,0,XX,0,X,1,,,,CS.MUX = new CS source,,,
01 /r,"ADD r/m32,r32",0,1,0,1,1,0,01,0,XXX,10,XX,1,0,XX,0,X,1,,,,"LD.SREG = changes DS, ES, CS, SS, FS, or GS in WB",,,
02 /r,"ADD r8,r/m8",0,1,0,0,1,0,02,0,XXX,00,XX,1,0,XX,0,X,2,,,,SREG.MUX = new SREG value source (r or m),,,
03 /r,"ADD r16,r/m16",0,1,1,1,1,0,03,0,XXX,01,XX,1,0,XX,0,X,3,,,,OPD = opcode in decimal (for easy sorting when making ROM tables),,,
03 /r,"ADD r32,r/m32",0,1,0,1,1,0,03,0,XXX,10,XX,1,0,XX,0,X,3,,,,,,,= depends on whether r or m
24 ib,"AND AL,imm8",0,1,0,0,0,1,24,0,XXX,00,00,1,0,XX,0,X,36,,,,,,,= control signal changes between the multiple uops 
25 iw,"AND AX,imm16",0,1,1,1,0,2,25,0,XXX,01,01,1,0,XX,0,X,37,,,,,,,= reminder that accurate data.size needed for stack
25 id,"AND EAX,imm32",0,1,0,1,0,4,25,0,XXX,10,11,1,0,XX,0,X,37,,,,,,,= a rare case when imm16 is zero-extended
80 /4 ib,"AND r/m8,imm8",0,1,0,0,1,1,80,0,XXX,00,00,1,0,XX,0,X,128,,,,,,,
81 /4 iw,"AND r/m16,imm16",0,1,1,1,1,2,81,0,XXX,01,01,1,0,XX,0,X,129,,,,,,,
81 /4 id,"AND r/m32,imm32",0,1,0,1,1,4,81,0,XXX,10,11,1,0,XX,0,X,129,,,,,,,
83 /4 ib,"AND r/m16,imm8",0,1,1,1,1,1,83,0,XXX,01,00,1,0,XX,0,X,131,,,,,,,
83 /4 ib,"AND r/m32,imm8",0,1,0,1,1,1,83,0,XXX,10,00,1,0,XX,0,X,131,,,,,,,
20 /r,"AND r/m8,r8",0,1,0,0,1,0,20,0,XXX,00,XX,1,0,XX,0,X,32,,,,,,,
21 /r,"AND r/m16,r16",0,1,1,1,1,0,21,0,XXX,01,XX,1,0,XX,0,X,33,,,,,,,
21 /r,"AND r/m32,r32",0,1,0,1,1,0,21,0,XXX,10,XX,1,0,XX,0,X,33,,,,,,,
22 /r,"AND r8,r/m8",0,1,0,0,1,0,22,0,XXX,00,XX,1,0,XX,0,X,34,,,,,,,
23 /r,"AND r16,r/m16",0,1,1,1,1,0,23,0,XXX,01,XX,1,0,XX,0,X,35,,,,,,,
23 /r,"AND r32,r/m32",0,1,0,1,1,0,23,0,XXX,10,XX,1,0,XX,0,X,35,,,,,,,
0F BC,"BSF r16,r/m16",1,1,1,1,1,0,BC,0,XXX,01,XX,1,0,XX,0,X,188,,,,,,,
0F BC,"BSF r32,r/m32",1,1,0,1,1,0,BC,0,XXX,10,XX,1,0,XX,0,X,188,,,,,,,
E8 cw,CALL rel16,0,1,1,1,0,2,E8,1,000,01,01,0,0,XX,0,X,232,,,,,,,
E8 cd,CALL rel32,0,1,0,1,0,4,E8,1,000,10,11,0,0,XX,0,X,232,,,,,,,
FF /2,CALL r/m16,0,1,1,1,1,0,FF,1,001/010,01,XX,0,0,XX,0,X,255,,,,,,,
FF /2,CALL r/m32,0,1,0,1,1,0,FF,1,001/010,10,XX,0,0,XX,0,X,255,,,,,,,
9A cd,CALL ptr16:16,0,1,1,1,0,4,9A,1,011,10,11,0,1,00,0,X,154,,,,,,,
9A cp,CALL ptr16:32,0,1,0,1,0,6,9A,1,011,11,11,0,1,00,0,X,154,,,,,,,
FC,CLD,0,1,0,0,0,0,FC,0,XXX,XX,XX,1,0,XX,0,X,252,,,,,,,
0F 42 /r,"CMOVC r16, r/m16",1,1,1,1,1,0,42,0,XXX,01,XX,0,0,XX,0,X,66,,,,,,,
0F 42 /r,"CMOVC r32, r/m32",1,1,0,1,1,0,42,0,XXX,10,XX,0,0,XX,0,X,66,,,,,,,
0F B0 /r,"CMPXCHG r/m8,r8",1,1,0,0,1,0,B0,0,XXX,00,XX,1,0,XX,0,X,176,,,,,,,
0F B1 /r,"CMPXCHG r/m16,r16",1,1,1,1,1,0,B1,0,XXX,01,XX,1,0,XX,0,X,177,,,,,,,
0F B1 /r,"CMPXCHG r/m32,r32",1,1,0,1,1,0,B1,0,XXX,10,XX,1,0,XX,0,X,177,,,,,,,
F4,HLT,0,1,0,0,0,0,F4,0,XXX,XX,XX,0,0,XX,0,X,244,,,,,,,
XX,INTEX,0,0,0,0,0,0,XX,1,100,"10,11",XX,0,1,01,0,X,#NUM!,,,,,,,
CF,IREtd,0,0,0,0,0,0,CF,1,010,"11,10",XX,0,1,10,0,X,207,,,,,,,
77 cb,JNBE rel8 (clr top 16 EIP bits),0,1,1,1,0,1,77,1,000,XX,00,0,0,XX,0,X,119,,,,,,,
77 cb,JNBE rel8,0,1,0,1,0,1,77,1,000,XX,00,0,0,XX,0,X,119,,,,,,,
75 cb,JNE rel8 (clr top 16 EIP bits),0,1,1,1,0,1,75,1,000,XX,00,0,0,XX,0,X,117,,,,,,,
75 cb,JNE rel8,0,1,0,1,0,1,75,1,000,XX,00,0,0,XX,0,X,117,,,,,,,
0F 87 cw,JNBE rel16,1,1,1,1,0,2,87,1,000,XX,01,0,0,XX,0,X,135,,,,,,,
0F 87 cd,JNBE rel32,1,1,0,1,0,4,87,1,000,XX,11,0,0,XX,0,X,135,,,,,,,
0F 85 cw,JNE rel16,1,1,1,1,0,2,85,1,000,XX,01,0,0,XX,0,X,133,,,,,,,
0F 85 cd,JNE rel32,1,1,0,1,0,4,85,1,000,XX,11,0,0,XX,0,X,133,,,,,,,
EB cb,JMP rel8 (clr top 16 EIP bits),0,1,1,1,0,1,EB,1,000,XX,00,0,0,XX,0,X,235,,,,,,,
EB cb,JMP rel8,0,1,0,1,0,1,EB,1,000,XX,00,0,0,XX,0,X,235,,,,,,,
E9 cw,JMP rel16,0,1,1,1,0,2,E9,1,000,XX,01,0,0,XX,0,X,233,,,,,,,
E9 cd,JMP rel32,0,1,0,1,0,4,E9,1,000,XX,11,0,0,XX,0,X,233,,,,,,,
FF /4,JMP r/m16,0,1,1,1,1,0,FF,1,001/010,01,XX,0,0,XX,0,X,255,,,,,,,
FF /4,JMP r/m32,0,1,0,1,1,0,FF,1,001/010,10,XX,0,0,XX,0,X,255,,,,,,,
EA cd,JMP ptr16:16,0,1,1,1,0,4,EA,1,011,XX,11,0,1,00,0,X,234,,,,,,,
EA cp,JMP ptr16:32,0,1,0,1,0,6,EA,1,011,XX,11,0,1,00,0,X,234,,,,,,,
88 /r,"MOV r/m8,r8",0,1,0,0,1,0,88,0,XXX,00,XX,0,0,XX,0,X,136,,,,,,,
89 /r,"MOV r/m16,r16",0,1,1,1,1,0,89,0,XXX,01,XX,0,0,XX,0,X,137,,,,,,,
89 /r,"MOV r/m32,r32",0,1,0,1,1,0,89,0,XXX,10,XX,0,0,XX,0,X,137,,,,,,,
8A /r,"MOV r8,r/m8",0,1,0,0,1,0,8A,0,XXX,00,XX,0,0,XX,0,X,138,,,,,,,
8B /r,"MOV r16,r/m16",0,1,1,1,1,0,8B,0,XXX,01,XX,0,0,XX,0,X,139,,,,,,,
8B /r,"MOV r32,r/m32",0,1,0,1,1,0,8B,0,XXX,10,XX,0,0,XX,0,X,139,,,,,,,
8C /r,"MOV r/m16,Sreg",0,1,0,0,1,0,8C,0,XXX,01,XX,0,0,XX,0,X,140,,,,,,,
8E /r,"MOV Sreg,r/m16",0,1,0,0,1,0,8E,0,XXX,01,XX,0,0,XX,1,0/1,142,,,,,,,
B0 rb,"MOV r8,imm8",0,1,0,0,0,1,B0,0,XXX,00,00,0,0,XX,0,X,176,,,,,,,
B1 rb,"MOV r8,imm8",0,1,0,0,0,1,B1,0,XXX,00,00,0,0,XX,0,X,177,,,,,,,
B2 rb,"MOV r8,imm8",0,1,0,0,0,1,B2,0,XXX,00,00,0,0,XX,0,X,178,,,,,,,
B3 rb,"MOV r8,imm8",0,1,0,0,0,1,B3,0,XXX,00,00,0,0,XX,0,X,179,,,,,,,
B4 rb,"MOV r8,imm8",0,1,0,0,0,1,B4,0,XXX,00,00,0,0,XX,0,X,180,,,,,,,
B5 rb,"MOV r8,imm8",0,1,0,0,0,1,B5,0,XXX,00,00,0,0,XX,0,X,181,,,,,,,
B6 rb,"MOV r8,imm8",0,1,0,0,0,1,B6,0,XXX,00,00,0,0,XX,0,X,182,,,,,,,
B7 rb,"MOV r8,imm8",0,1,0,0,0,1,B7,0,XXX,00,00,0,0,XX,0,X,183,,,,,,,
B8 rw,"MOV r16,imm16",0,1,1,1,0,2,B8,0,XXX,01,01,0,0,XX,0,X,184,,,,,,,
B9 rw,"MOV r16,imm16",0,1,1,1,0,2,B9,0,XXX,01,01,0,0,XX,0,X,185,,,,,,,
BA rw,"MOV r16,imm16",0,1,1,1,0,2,BA,0,XXX,01,01,0,0,XX,0,X,186,,,,,,,
BB rw,"MOV r16,imm16",0,1,1,1,0,2,BB,0,XXX,01,01,0,0,XX,0,X,187,,,,,,,
BC rw,"MOV r16,imm16",0,1,1,1,0,2,BC,0,XXX,01,01,0,0,XX,0,X,188,,,,,,,
BD rw,"MOV r16,imm16",0,1,1,1,0,2,BD,0,XXX,01,01,0,0,XX,0,X,189,,,,,,,
BE rw,"MOV r16,imm16",0,1,1,1,0,2,BE,0,XXX,01,01,0,0,XX,0,X,190,,,,,,,
BF rw,"MOV r16,imm16",0,1,1,1,0,2,BF,0,XXX,01,01,0,0,XX,0,X,191,,,,,,,
B8 rd,"MOV r32,imm32",0,1,0,1,0,4,B8,0,XXX,10,11,0,0,XX,0,X,184,,,,,,,
B9 rd,"MOV r32,imm32",0,1,0,1,0,4,B9,0,XXX,10,11,0,0,XX,0,X,185,,,,,,,
BA rd,"MOV r32,imm32",0,1,0,1,0,4,BA,0,XXX,10,11,0,0,XX,0,X,186,,,,,,,
BB rd,"MOV r32,imm32",0,1,0,1,0,4,BB,0,XXX,10,11,0,0,XX,0,X,187,,,,,,,
BC rd,"MOV r32,imm32",0,1,0,1,0,4,BC,0,XXX,10,11,0,0,XX,0,X,188,,,,,,,
BD rd,"MOV r32,imm32",0,1,0,1,0,4,BD,0,XXX,10,11,0,0,XX,0,X,189,,,,,,,
BE rd,"MOV r32,imm32",0,1,0,1,0,4,BE,0,XXX,10,11,0,0,XX,0,X,190,,,,,,,
BF rd,"MOV r32,imm32",0,1,0,1,0,4,BF,0,XXX,10,11,0,0,XX,0,X,191,,,,,,,
C6 /0,"MOV r/m8,imm8",0,1,0,0,1,1,C6,0,XXX,00,00,0,0,XX,0,X,198,,,,,,,
C7 /0,"MOV r/m16,imm16",0,1,1,1,1,2,C7,0,XXX,01,01,0,0,XX,0,X,199,,,,,,,
C7 /0,"MOV r/m32,imm32",0,1,0,1,1,4,C7,0,XXX,10,11,0,0,XX,0,X,199,,,,,,,
0F 6F /r,"MOVQ mm, mm/m64",1,1,0,0,1,0,6F,0,XXX,11,XX,0,0,XX,0,X,111,,,,,,,
0F 7F /r,"MOVQ mm/m64, mm",1,1,0,0,1,0,7F,0,XXX,11,XX,0,0,XX,0,X,127,,,,,,,
A4,"MOVS m8,m8",0,1,0,0,0,0,A4,0,XXX,00,XX,0,0,XX,0,X,164,,,,,,,
A5,"MOVS m16,m16",0,1,1,1,0,0,A5,0,XXX,01,XX,0,0,XX,0,X,165,,,,,,,
A5,"MOVS m32,m32",0,1,0,1,0,0,A5,0,XXX,10,XX,0,0,XX,0,X,165,,,,,,,
F6 /2,NOT r/m8,0,1,0,0,1,0,F6,0,XXX,00,XX,0,0,XX,0,X,246,,,,,,,
F7 /2,NOT r/m16,0,1,1,1,1,0,F7,0,XXX,01,XX,0,0,XX,0,X,247,,,,,,,
F7 /2,NOT r/m32,0,1,0,1,1,0,F7,0,XXX,10,XX,0,0,XX,0,X,247,,,,,,,
0C ib,"OR AL,imm8",0,1,0,0,0,1,0C,0,XXX,00,00,1,0,XX,0,X,12,,,,,,,
0D iw,"OR AX,imm16",0,1,1,1,0,2,0D,0,XXX,01,01,1,0,XX,0,X,13,,,,,,,
0D id,"OR EAX,imm32",0,1,0,1,0,4,0D,0,XXX,10,11,1,0,XX,0,X,13,,,,,,,
80 /1 ib,"OR r/m8,imm8",0,1,0,0,1,1,80,0,XXX,00,00,1,0,XX,0,X,128,,,,,,,
81 /1 iw,"OR r/m16,imm16",0,1,1,1,1,2,81,0,XXX,01,01,1,0,XX,0,X,129,,,,,,,
81 /1 id,"OR r/m32,imm32",0,1,0,1,1,4,81,0,XXX,10,11,1,0,XX,0,X,129,,,,,,,
83 /1 ib,"OR r/m16,imm8",0,1,1,1,1,1,83,0,XXX,01,00,1,0,XX,0,X,131,,,,,,,
83 /1 ib,"OR r/m32,imm8",0,1,0,1,1,1,83,0,XXX,10,00,1,0,XX,0,X,131,,,,,,,
08 /r,"OR r/m8,r8",0,1,0,0,1,0,08,0,XXX,00,XX,1,0,XX,0,X,8,,,,,,,
09 /r,"OR r/m16,r16",0,1,1,1,1,0,09,0,XXX,01,XX,1,0,XX,0,X,9,,,,,,,
09 /r,"OR r/m32,r32",0,1,0,1,1,0,09,0,XXX,10,XX,1,0,XX,0,X,9,,,,,,,
0A /r,"OR r8,r/m8",0,1,0,0,1,0,0A,0,XXX,00,XX,1,0,XX,0,X,10,,,,,,,
0B /r,"OR r16,r/m16",0,1,1,1,1,0,0B,0,XXX,01,XX,1,0,XX,0,X,11,,,,,,,
0B /r,"OR r32,r/m32",0,1,0,1,1,0,0B,0,XXX,10,XX,1,0,XX,0,X,11,,,,,,,
0F 63 /r,"PACKSSWB mm1, mm/m64",1,1,0,0,1,0,63,0,XXX,11,XX,0,0,XX,0,X,99,,,,,,,
0F 6B /r,"PACKSSDW mm1, mm/m64",1,1,0,0,1,0,6B,0,XXX,11,XX,0,0,XX,0,X,107,,,,,,,
0F FD /r,"PADDW mm, mm/m64",1,1,0,0,1,0,FD,0,XXX,11,XX,0,0,XX,0,X,253,,,,,,,
0F FE /r,"PADDD mm, mm/m64",1,1,0,0,1,0,FE,0,XXX,11,XX,0,0,XX,0,X,254,,,,,,,
0F E0 /r,"PAVGB mm1, mm2/m64",1,1,0,0,1,0,E0,0,XXX,11,XX,0,0,XX,0,X,224,,,,,,,
0F E3 /r,"PAVGW mm1, mm2/m64",1,1,0,0,1,0,E3,0,XXX,11,XX,0,0,XX,0,X,227,,,,,,,
8F /0,POP r/m16,0,1,1,1,1,0,8F,0,XXX,01,XX,0,0,XX,0,X,143,,,,,,,
8F /0,POP r/m32,0,1,0,1,1,0,8F,0,XXX,10,XX,0,0,XX,0,X,143,,,,,,,
58+ rw,POP r16,0,1,1,1,0,0,58,0,XXX,01,XX,0,0,XX,0,X,88,,,,,,,
58 rw,POP r16,0,1,1,1,0,0,58,0,XXX,01,XX,0,0,XX,0,X,88,,,,,,,
59 rw,POP r16,0,1,1,1,0,0,59,0,XXX,01,XX,0,0,XX,0,X,89,,,,,,,
60 rw,POP r16,0,1,1,1,0,0,60,0,XXX,01,XX,0,0,XX,0,X,96,,,,,,,
61 rw,POP r16,0,1,1,1,0,0,61,0,XXX,01,XX,0,0,XX,0,X,97,,,,,,,
62 rw,POP r16,0,1,1,1,0,0,62,0,XXX,01,XX,0,0,XX,0,X,98,,,,,,,
63 rw,POP r16,0,1,1,1,0,0,63,0,XXX,01,XX,0,0,XX,0,X,99,,,,,,,
64 rw,POP r16,0,1,1,1,0,0,64,0,XXX,01,XX,0,0,XX,0,X,100,,,,,,,
65 rw,POP r16,0,1,1,1,0,0,65,0,XXX,01,XX,0,0,XX,0,X,101,,,,,,,
58+ rd,POP r32,0,1,0,1,0,0,58,0,XXX,10,XX,0,0,XX,0,X,88,,,,,,,
58 rd,POP EAX,0,1,0,1,0,0,58,0,XXX,10,XX,0,0,XX,0,X,88,,,,,,,
59 rd,POP ECX,0,1,0,1,0,0,59,0,XXX,10,XX,0,0,XX,0,X,89,,,,,,,
5A rd,POP EDX,0,1,0,1,0,0,5A,0,XXX,10,XX,0,0,XX,0,X,90,,,,,,,
5B rd,POP EBX,0,1,0,1,0,0,5B,0,XXX,10,XX,0,0,XX,0,X,91,,,,,,,
5C rd,POP ESP,0,1,0,1,0,0,5C,0,XXX,10,XX,0,0,XX,0,X,92,,,,,,,
5D rd,POP EBP,0,1,0,1,0,0,5D,0,XXX,10,XX,0,0,XX,0,X,93,,,,,,,
5E rd,POP ESI,0,1,0,1,0,0,5E,0,XXX,10,XX,0,0,XX,0,X,94,,,,,,,
5F rd,POP EDI,0,1,0,1,0,0,5F,0,XXX,10,XX,0,0,XX,0,X,95,,,,,,,
1F,POP DS (16-bit pop),0,1,1,1,0,0,1F,0,XXX,01,XX,0,0,XX,1,1,31,,,,,,,
1F,POP DS,0,1,0,1,0,0,1F,0,XXX,10,XX,0,0,XX,1,1,31,,,,,,,
07,POP ES (16-bit pop),0,1,1,1,0,0,07,0,XXX,01,XX,0,0,XX,1,1,7,,,,,,,
07,POP ES,0,1,0,1,0,0,07,0,XXX,10,XX,0,0,XX,1,1,7,,,,,,,
17,POP SS (16-bit pop),0,1,1,1,0,0,17,0,XXX,01,XX,0,0,XX,1,1,23,,,,,,,
17,POP SS,0,1,0,1,0,0,17,0,XXX,10,XX,0,0,XX,1,1,23,,,,,,,
0F A1,POP FS (16-bit pop),1,1,1,1,0,0,A1,0,XXX,01,XX,0,0,XX,1,1,161,,,,,,,
0F A1,POP FS,1,1,0,1,0,0,A1,0,XXX,10,XX,0,0,XX,1,1,161,,,,,,,
0F A9,POP GS (16-bit pop),1,1,1,1,0,0,A9,0,XXX,01,XX,0,0,XX,1,1,169,,,,,,,
0F A9,POP GS,1,1,0,1,0,0,A9,0,XXX,10,XX,0,0,XX,1,1,169,,,,,,,
FF /6,PUSH r/m16,0,1,1,1,1,0,FF,0,XXX,01,XX,0,0,XX,0,X,255,,,,,,,
FF /6,PUSH r/m32,0,1,0,1,1,0,FF,0,XXX,10,XX,0,0,XX,0,X,255,,,,,,,
50+rw,PUSH r16,0,1,1,1,0,0,50,0,XXX,01,XX,0,0,XX,0,X,80,,,,,,,
50 rw,PUSH r16,0,1,1,1,0,0,50,0,XXX,01,XX,0,0,XX,0,X,80,,,,,,,
51 rw,PUSH r16,0,1,1,1,0,0,51,0,XXX,01,XX,0,0,XX,0,X,81,,,,,,,
52 rw,PUSH r16,0,1,1,1,0,0,52,0,XXX,01,XX,0,0,XX,0,X,82,,,,,,,
53 rw,PUSH r16,0,1,1,1,0,0,53,0,XXX,01,XX,0,0,XX,0,X,83,,,,,,,
54 rw,PUSH r16,0,1,1,1,0,0,54,0,XXX,01,XX,0,0,XX,0,X,84,,,,,,,
55 rw,PUSH r16,0,1,1,1,0,0,55,0,XXX,01,XX,0,0,XX,0,X,85,,,,,,,
56 rw,PUSH r16,0,1,1,1,0,0,56,0,XXX,01,XX,0,0,XX,0,X,86,,,,,,,
57 rw,PUSH r16,0,1,1,1,0,0,57,0,XXX,01,XX,0,0,XX,0,X,87,,,,,,,
50+rd,PUSH r32,0,1,0,1,0,0,50,0,XXX,10,XX,0,0,XX,0,X,80,,,,,,,
50 rd,PUSH r32,0,1,0,1,0,0,50,0,XXX,10,XX,0,0,XX,0,X,80,,,,,,,
51 rd,PUSH r32,0,1,0,1,0,0,51,0,XXX,10,XX,0,0,XX,0,X,81,,,,,,,
52 rd,PUSH r32,0,1,0,1,0,0,52,0,XXX,10,XX,0,0,XX,0,X,82,,,,,,,
53 rd,PUSH r32,0,1,0,1,0,0,53,0,XXX,10,XX,0,0,XX,0,X,83,,,,,,,
54 rd,PUSH r32,0,1,0,1,0,0,54,0,XXX,10,XX,0,0,XX,0,X,84,,,,,,,
55 rd,PUSH r32,0,1,0,1,0,0,55,0,XXX,10,XX,0,0,XX,0,X,85,,,,,,,
56 rd,PUSH r32,0,1,0,1,0,0,56,0,XXX,10,XX,0,0,XX,0,X,86,,,,,,,
57 rd,PUSH r32,0,1,0,1,0,0,57,0,XXX,10,XX,0,0,XX,0,X,87,,,,,,,
6A,PUSH imm8 (16-bit push),0,1,1,1,0,1,6A,0,XXX,01,00,0,0,XX,0,X,106,,,,,,,
6A,PUSH imm8,0,1,0,1,0,1,6A,0,XXX,10,00,0,0,XX,0,X,106,,,,,,,
68,PUSH imm16,0,1,1,1,0,2,68,0,XXX,01,01,0,0,XX,0,X,104,,,,,,,
68,PUSH imm32,0,1,0,1,0,4,68,0,XXX,10,11,0,0,XX,0,X,104,,,,,,,
0E,PUSH CS (16-bit push),0,1,1,1,0,0,0E,0,XXX,01,XX,0,0,XX,0,X,14,,,,,,,
0E,PUSH CS,0,1,0,1,0,0,0E,0,XXX,10,XX,0,0,XX,0,X,14,,,,,,,
16,PUSH SS (16-bit push),0,1,1,1,0,0,16,0,XXX,01,XX,0,0,XX,0,X,22,,,,,,,
16,PUSH SS,0,1,0,1,0,0,16,0,XXX,10,XX,0,0,XX,0,X,22,,,,,,,
1E,PUSH DS (16-bit push),0,1,1,1,0,0,1E,0,XXX,01,XX,0,0,XX,0,X,30,,,,,,,
1E,PUSH DS,0,1,0,1,0,0,1E,0,XXX,10,XX,0,0,XX,0,X,30,,,,,,,
06,PUSH ES (16-bit push),0,1,1,1,0,0,06,0,XXX,01,XX,0,0,XX,0,X,6,,,,,,,
06,PUSH ES,0,1,0,1,0,0,06,0,XXX,10,XX,0,0,XX,0,X,6,,,,,,,
0F A0,PUSH FS (16-bit push),1,1,1,1,0,0,A0,0,XXX,01,XX,0,0,XX,0,X,160,,,,,,,
0F A0,PUSH FS,1,1,0,1,0,0,A0,0,XXX,10,XX,0,0,XX,0,X,160,,,,,,,
0F A8,PUSH GS (16-bit push),1,1,1,1,0,0,A8,0,XXX,01,XX,0,0,XX,0,X,168,,,,,,,
0F A8,PUSH GS,1,1,0,1,0,0,A8,0,XXX,10,XX,0,0,XX,0,X,168,,,,,,,
F3 A4,"REP MOVS m8,m8",0,0,1,1,0,0,A4,0,XXX,00,XX,0,0,XX,0,X,243,,,,,,,
F3 A5,"REP MOVS m16,m16",0,0,1,1,0,0,A5,0,XXX,01,XX,0,0,XX,0,X,243,,,,,,,
F3 A5,"REP MOVS m32,m32",0,0,1,1,0,0,A5,0,XXX,10,XX,0,0,XX,0,X,243,,,,,,,
F3 A7,"REPE CMPS m32,m32",0,0,0,1,0,0,A7,0,XXX,10,XX,1,0,XX,0,X,243,,,,,,,
C3,"RET (near, 16-bit pop)",0,1,1,1,0,0,C3,1,010,01,XX,0,0,XX,0,X,195,,,,,,,
C3,RET,0,1,0,1,0,0,C3,1,010,10,XX,0,0,XX,0,X,195,,,,,,,
CB,"RET (far, 16-bit pop)",0,1,1,1,0,0,CB,1,010,10,XX,0,1,01,0,X,203,,,,,,,
CB,RET,0,1,0,1,0,0,CB,1,010,11,XX,0,1,10,0,X,203,,,,,,,
C2 iw,"RET imm16 (near, 16-bit pop)",0,1,1,1,0,2,C2,1,010,01,10,0,0,XX,0,X,194,,,,,,,
C2 iw,RET imm16,0,1,0,1,0,2,C2,1,010,10,10,0,0,XX,0,X,194,,,,,,,
CA iw,"RET imm16 (far, 16-bit pop)",0,1,1,1,0,2,CA,1,010,10,10,0,1,01,0,X,202,,,,,,,
CA iw,RET imm16,0,1,0,1,0,2,CA,1,010,11,10,0,1,10,0,X,202,,,,,,,
D0 /4,"SAL r/m8,1",0,1,0,0,1,0,D0,0,XXX,00,XX,1,0,XX,0,X,208,,,,,,,
D2 /4,"SAL r/m8,CL",0,1,0,0,1,0,D2,0,XXX,00,XX,1,0,XX,0,X,210,,,,,,,
C0 /4 ib,"SAL r/m8,imm8",0,1,0,0,1,1,C0,0,XXX,00,00,1,0,XX,0,X,192,,,,,,,
D1 /4,"SAL r/m16,1",0,1,0,0,1,0,D1,0,XXX,01,XX,1,0,XX,0,X,209,,,,,,,
D3 /4,"SAL r/m16,CL",0,1,0,0,1,0,D3,0,XXX,01,XX,1,0,XX,0,X,211,,,,,,,
C1 /4 ib,"SAL r/m16,imm8",0,1,0,0,1,1,C1,0,XXX,01,00,1,0,XX,0,X,193,,,,,,,
D1 /4,"SAL r/m32,1",0,1,0,0,1,0,D1,0,XXX,10,XX,1,0,XX,0,X,209,,,,,,,
D3 /4,"SAL r/m32,CL",0,1,0,0,1,0,D3,0,XXX,10,XX,1,0,XX,0,X,211,,,,,,,
C1 /4 ib,"SAL r/m32,imm8",0,1,0,0,1,1,C1,0,XXX,10,00,1,0,XX,0,X,193,,,,,,,
D0 /7,"SAR r/m8,1",0,1,0,0,1,0,D0,0,XXX,00,XX,1,0,XX,0,X,208,,,,,,,
D2 /7,"SAR r/m8,CL",0,1,0,0,1,0,D2,0,XXX,00,XX,1,0,XX,0,X,210,,,,,,,
C0 /7 ib,"SAR r/m8,imm8",0,1,0,0,1,1,C0,0,XXX,00,00,1,0,XX,0,X,192,,,,,,,
D1 /7,"SAR r/m16,1",0,1,0,0,1,0,D1,0,XXX,01,XX,1,0,XX,0,X,209,,,,,,,
D3 /7,"SAR r/m16,CL",0,1,0,0,1,0,D3,0,XXX,01,XX,1,0,XX,0,X,211,,,,,,,
C1 /7 ib,"SAR r/m16,imm8",0,1,0,0,1,1,C1,0,XXX,01,00,1,0,XX,0,X,193,,,,,,,
D1 /7,"SAR r/m32,1",0,1,0,0,1,0,D1,0,XXX,10,XX,1,0,XX,0,X,209,,,,,,,
D3 /7,"SAR r/m32,CL",0,1,0,0,1,0,D3,0,XXX,10,XX,1,0,XX,0,X,211,,,,,,,
C1 /7 ib,"SAR r/m32,imm8",0,1,0,0,1,1,C1,0,XXX,10,00,1,0,XX,0,X,193,,,,,,,
81 /3 id,"SBB r/m32,imm32",0,1,0,0,1,4,81,0,XXX,10,11,1,0,XX,0,X,129,,,,,,,
83 /3 ib,"SBB r/m32,imm8",0,1,0,0,1,1,83,0,XXX,10,00,1,0,XX,0,X,131,,,,,,,
19 /r,"SBB r/m32,r32",0,1,0,0,1,0,19,0,XXX,10,XX,1,0,XX,0,X,25,,,,,,,
1B /r,"SBB r32,r/m32",0,1,0,0,1,0,1B,0,XXX,10,XX,1,0,XX,0,X,27,,,,,,,
FD,STD,0,1,0,0,0,0,FD,0,XXX,XX,XX,0,0,XX,0,X,253,,,,,,,
90+rw,"XCHG AX,r16",0,1,1,1,0,0,90,0,XXX,01,XX,0,0,XX,0,X,144,,,,,,,
90 rw,"XCHG AX,r16",0,1,1,1,0,0,90,0,XXX,01,XX,0,0,XX,0,X,144,,,,,,,
91 rw,"XCHG CX,r16",0,1,1,1,0,0,91,0,XXX,01,XX,0,0,XX,0,X,145,,,,,,,
92 rw,"XCHG DX,r16",0,1,1,1,0,0,92,0,XXX,01,XX,0,0,XX,0,X,146,,,,,,,
93 rw,"XCHG BX,r16",0,1,1,1,0,0,93,0,XXX,01,XX,0,0,XX,0,X,147,,,,,,,
94 rw,"XCHG SP,r16",0,1,1,1,0,0,94,0,XXX,01,XX,0,0,XX,0,X,148,,,,,,,
95 rw,"XCHG BP,r16",0,1,1,1,0,0,95,0,XXX,01,XX,0,0,XX,0,X,149,,,,,,,
96 rw,"XCHG SI,r16",0,1,1,1,0,0,96,0,XXX,01,XX,0,0,XX,0,X,150,,,,,,,
97 rw,"XCHG DI,r16",0,1,1,1,0,0,97,0,XXX,01,XX,0,0,XX,0,X,151,,,,,,,
90+rd,"XCHG EAX,r32",0,1,0,1,0,0,90,0,XXX,10,XX,0,0,XX,0,X,144,,,,,,,
90 rd,"XCHG EAX,r32",0,1,0,1,0,0,90,0,XXX,10,XX,0,0,XX,0,X,144,,,,,,,
91 rd,"XCHG ECX,r32",0,1,0,1,0,0,91,0,XXX,10,XX,0,0,XX,0,X,145,,,,,,,
92 rd,"XCHG EDX,r32",0,1,0,1,0,0,92,0,XXX,10,XX,0,0,XX,0,X,146,,,,,,,
93 rd,"XCHG EBX,r32",0,1,0,1,0,0,93,0,XXX,10,XX,0,0,XX,0,X,147,,,,,,,
94 rd,"XCHG ESP,r32",0,1,0,1,0,0,94,0,XXX,10,XX,0,0,XX,0,X,148,,,,,,,
95 rd,"XCHG EBP,r32",0,1,0,1,0,0,95,0,XXX,10,XX,0,0,XX,0,X,149,,,,,,,
96 rd,"XCHG ESI,r32",0,1,0,1,0,0,96,0,XXX,10,XX,0,0,XX,0,X,150,,,,,,,
97 rd,"XCHG EDI,r32",0,1,0,1,0,0,97,0,XXX,10,XX,0,0,XX,0,X,151,,,,,,,
86 /r,"XCHG r/m8,r8",0,1,0,0,1,0,86,0,XXX,00,XX,0,0,XX,0,X,134,,,,,,,
87 /r,"XCHG r/m16,r16",0,1,1,1,1,0,87,0,XXX,01,XX,0,0,XX,0,X,135,,,,,,,
87 /r,"XCHG r/m32,r32",0,1,0,1,1,0,87,0,XXX,10,XX,0,0,XX,0,X,135,,,,,,,