Opcode,Mnemonic,2BOP,MRM,IMM,OP,EIP,Sreg,1U,OSO,DS,imx,EF,EIP.MUX,FAR.BR,LD.SREG,SREG.MUX,OSO.AFF,OP.DECIMAL
00 /r,"ADD r/m8,r8",0,1,0,00,0,0,1,0,00,XX,1,XX,0,0,X,0,0
01 /r,"ADD r/m16,r16",0,1,0,01,0,0,1,1,01,XX,1,XX,0,0,X,1,1
01 /r,"ADD r/m32,r32",0,1,0,01,0,0,1,0,10,XX,1,XX,0,0,X,1,1
02 /r,"ADD r8,r/m8",0,1,0,02,0,0,1,0,00,XX,1,XX,0,0,X,0,2
03 /r,"ADD r16,r/m16",0,1,0,03,0,0,1,1,01,XX,1,XX,0,0,X,1,3
03 /r,"ADD r32,r/m32",0,1,0,03,0,0,1,0,10,XX,1,XX,0,0,X,1,3
04 ib,"ADD AL,imm8",0,0,1,04,0,0,1,0,00,00,1,XX,0,0,X,0,4
05 iw,"ADD AX,imm16",0,0,2,05,0,0,1,1,01,01,1,XX,0,0,X,1,5
05 id,"ADD EAX,imm32",0,0,4,05,0,0,1,0,10,11,1,XX,0,0,X,1,5
06,PUSH ES,0,0,0,06,0,0,1,0,01/10,XX,0,XX,0,0,X,1,6
07,POP ES,0,0,0,07,0,1,1,0,01/10,XX,0,XX,0,1,1,1,7
08 /r,"OR r/m8,r8",0,1,0,08,0,0,1,0,00,XX,1,XX,0,0,X,0,8
09 /r,"OR r/m16,r16",0,1,0,09,0,0,1,1,01,XX,1,XX,0,0,X,1,9
09 /r,"OR r/m32,r32",0,1,0,09,0,0,1,0,10,XX,1,XX,0,0,X,1,9
0A /r,"OR r8,r/m8",0,1,0,0A,0,0,1,0,00,XX,1,XX,0,0,X,0,10
0B /r,"OR r16,r/m16",0,1,0,0B,0,0,1,1,01,XX,1,XX,0,0,X,1,11
0B /r,"OR r32,r/m32",0,1,0,0B,0,0,1,0,10,XX,1,XX,0,0,X,1,11
0C ib,"OR AL,imm8",0,0,1,0C,0,0,1,0,00,00,1,XX,0,0,X,0,12
0D iw,"OR AX,imm16",0,0,2,0D,0,0,1,1,01,01,1,XX,0,0,X,1,13
0D id,"OR EAX,imm32",0,0,4,0D,0,0,1,0,10,11,1,XX,0,0,X,1,13
0E,PUSH CS,0,0,0,0E,0,0,1,0,01/10,XX,0,XX,0,0,X,1,14
11 /r,"ADC r/m32,r32",0,1,0,11,0,0,1,0,10,XX,0,XX,0,0,X,0,17
13 /r,"ADC r32,r/m32",0,1,0,13,0,0,1,0,10,XX,0,XX,0,0,X,0,19
16,PUSH SS,0,0,0,16,0,0,1,0,01/10,XX,0,XX,0,0,X,1,22
17,POP SS,0,0,0,17,0,1,1,0,01/10,XX,0,XX,0,1,1,1,23
19 /r,"SBB r/m32,r32",0,1,0,19,0,0,1,0,10,XX,1,XX,0,0,X,0,25
1B /r,"SBB r32,r/m32",0,1,0,1B,0,0,1,0,10,XX,1,XX,0,0,X,0,27
1E,PUSH DS,0,0,0,1E,0,0,1,0,01/10,XX,0,XX,0,0,X,1,30
1F,POP DS,0,0,0,1F,0,1,1,0,01/10,XX,0,XX,0,1,1,1,31
20 /r,"AND r/m8,r8",0,1,0,20,0,0,1,0,00,XX,1,XX,0,0,X,0,32
21 /r,"AND r/m16,r16",0,1,0,21,0,0,1,1,01,XX,1,XX,0,0,X,1,33
21 /r,"AND r/m32,r32",0,1,0,21,0,0,1,0,10,XX,1,XX,0,0,X,1,33
22 /r,"AND r8,r/m8",0,1,0,22,0,0,1,0,00,XX,1,XX,0,0,X,0,34
23 /r,"AND r16,r/m16",0,1,0,23,0,0,1,1,01,XX,1,XX,0,0,X,1,35
23 /r,"AND r32,r/m32",0,1,0,23,0,0,1,0,10,XX,1,XX,0,0,X,1,35
24 ib,"AND AL,imm8",0,0,1,24,0,0,1,0,00,00,1,XX,0,0,X,0,36
25 iw,"AND AX,imm16",0,0,2,25,0,0,1,1,01,01,1,XX,0,0,X,1,37
25 id,"AND EAX,imm32",0,0,4,25,0,0,1,0,10,11,1,XX,0,0,X,1,37
37,AAA,0,0,0,37,0,0,1,0,00,XX,1,XX,0,0,X,0,55
0F 42 /r,"CMOVC r16, r/m16",1,1,0,42,0,0,1,1,01,XX,0,XX,0,0,X,1,66
0F 42 /r,"CMOVC r32, r/m32",1,1,0,42,0,0,1,0,10,XX,0,XX,0,0,X,1,66
50+rw,PUSH r16,0,0,0,50,0,0,1,1,01,XX,0,XX,0,0,X,1,80
50+rd,PUSH r32,0,0,0,50,0,0,1,0,10,XX,0,XX,0,0,X,1,80
58+ rw,POP r16,0,0,0,58,0,0,1,1,01,XX,0,XX,0,0,X,1,88
58+ rd,POP r32,0,0,0,58,0,0,1,0,10,XX,0,XX,0,0,X,1,88
0F 63 /r,"PACKSSWB mm1, mm/m64",1,0,0,63,0,0,1,0,11,XX,0,XX,0,0,X,0,99
68,PUSH imm16,0,0,2,68,0,0,1,1,01,01,0,XX,0,0,X,1,104
68,PUSH imm32,0,0,4,68,0,0,1,0,10,11,0,XX,0,0,X,1,104
6A,PUSH imm8,0,0,1,6A,0,0,1,0,01/10,00,0,XX,0,0,X,1,106
0F 6B /r,"PACKSSDW mm1, mm/m64",1,0,0,6B,0,0,1,0,11,XX,0,XX,0,0,X,0,107
0F 6F /r,"MOVQ mm, mm/m64",1,0,0,6F,0,0,1,0,11,XX,0,XX,0,0,X,0,111
75 cb,JNE rel8,0,0,1,75,1,0,1,0,01/10/XX,00,0,00,0,0,X,1,117
77 cb,JNBE rel8,0,0,1,77,1,0,1,0,01/10/XX,00,0,00,0,0,X,1,119
0F 7F /r,"MOVQ mm/m64, mm",1,0,0,7F,0,0,1,0,11,XX,0,XX,0,0,X,0,127
80 /0 ib,"ADD r/m8,imm8",0,1,1,80,0,0,1,1,00,00,1,XX,0,0,X,0,128
80 /4 ib,"AND r/m8,imm8",0,1,1,80,0,0,1,1,00,00,1,XX,0,0,X,0,128
80 /1 ib,"OR r/m8,imm8",0,1,1,80,0,0,1,0,00,00,1,XX,0,0,X,0,128
81 /2 id,"ADC r/m32,imm32",0,1,4,81,0,0,1,1,10,11,0,XX,0,0,X,0,129
81 /0 iw,"ADD r/m16,imm16",0,1,2,81,0,0,1,1,01,01,1,XX,0,0,X,1,129
81 /0 id,"ADD r/m32,imm32",0,1,4,81,0,0,1,1,10,11,1,XX,0,0,X,1,129
81 /4 iw,"AND r/m16,imm16",0,1,2,81,0,0,1,1,01,01,1,XX,0,0,X,1,129
81 /4 id,"AND r/m32,imm32",0,1,4,81,0,0,1,1,10,11,1,XX,0,0,X,1,129
81 /1 iw,"OR r/m16,imm16",0,1,2,81,0,0,1,1,01,01,1,XX,0,0,X,1,129
81 /1 id,"OR r/m32,imm32",0,1,4,81,0,0,1,1,10,11,1,XX,0,0,X,1,129
81 /3 id,"SBB r/m32,imm32",0,1,4,81,0,0,1,0,10,11,1,XX,0,0,X,0,129
83 /2 ib,"ADC r/m32,imm8",0,1,1,83,0,0,1,1,10,00,0,XX,0,0,X,0,131
83 /0 ib,"ADD r/m16,imm8",0,1,1,83,0,0,1,1,01,00,1,XX,0,0,X,1,131
83 /0 ib,"ADD r/m32,imm8",0,1,1,83,0,0,1,1,10,00,1,XX,0,0,X,1,131
83 /4 ib,"AND r/m16,imm8",0,1,1,83,0,0,1,1,01,00,1,XX,0,0,X,1,131
83 /4 ib,"AND r/m32,imm8",0,1,1,83,0,0,1,1,10,00,1,XX,0,0,X,1,131
83 /1 ib,"OR r/m16,imm8",0,1,1,83,0,0,1,1,01,00,1,XX,0,0,X,1,131
83 /1 ib,"OR r/m32,imm8",0,1,1,83,0,0,1,1,10,00,1,XX,0,0,X,1,131
83 /3 ib,"SBB r/m32,imm8",0,1,1,83,0,0,1,0,10,00,1,XX,0,0,X,0,131
0F 85 cw,JNE rel16,1,0,2,85,1,0,1,1,01,01,0,00,0,0,X,1,133
0F 85 cd,JNE rel32,1,0,4,85,1,0,1,0,10,11,0,00,0,0,X,1,133
86 /r,"XCHG r/m8,r8",0,1,0,86,0,0,1,0,00,XX,0,XX,0,0,X,0,134
0F 87 cw,JNBE rel16,1,0,2,87,1,0,1,1,01,01,0,00,0,0,X,1,135
0F 87 cd,JNBE rel32,1,0,4,87,1,0,1,1,10,11,0,00,0,0,X,1,135
87 /r,"XCHG r/m16,r16",0,1,0,87,0,0,1,1,01,XX,0,XX,0,0,X,1,135
87 /r,"XCHG r/m32,r32",0,1,0,87,0,0,1,0,10,XX,0,XX,0,0,X,1,135
88 /r,"MOV r/m8,r8",0,1,0,88,0,0,1,0,00,XX,0,XX,0,0,X,0,136
89 /r,"MOV r/m16,r16",0,1,0,89,0,0,1,1,01,XX,0,XX,0,0,X,1,137
89 /r,"MOV r/m32,r32",0,1,0,89,0,0,1,0,10,XX,0,XX,0,0,X,1,137
8A /r,"MOV r8,r/m8",0,1,0,8A,0,0,1,0,00,XX,0,XX,0,0,X,0,138
8B /r,"MOV r16,r/m16",0,1,0,8B,0,0,1,1,01,XX,0,XX,0,0,X,1,139
8B /r,"MOV r32,r/m32",0,1,0,8B,0,0,1,0,10,XX,0,XX,0,0,X,1,139
8C /r,"MOV r/m16,Sreg",0,1,0,8C,0,0,1,0,01,XX,0,XX,0,0,X,0,140
8E /r,"MOV Sreg,r/m16",0,1,0,8E,0,1,1,0,01,XX,0,XX,0,1,0/1,0,142
8F /0,POP r/m16,0,1,0,8F,0,0,1,1,01,XX,0,XX,0,0,X,1,143
8F /0,POP r/m32,0,1,0,8F,0,0,1,0,10,XX,0,XX,0,0,X,1,143
90+rw,"XCHG AX,r16",0,0,0,90,0,0,1,1,01,XX,0,XX,0,0,X,1,144
90+rd,"XCHG EAX,r32",0,0,0,90,0,0,1,0,10,XX,0,XX,0,0,X,1,144
9A cd,CALL ptr16:16,0,0,4,9A,1,1,1,1,10,11,0,11,1,0,X,1,154
9A cp,CALL ptr16:32,0,0,6,9A,1,1,1,0,11,11,0,11,1,0,X,1,154
0F A0,PUSH FS,1,0,0,A0,0,0,1,0,01/10,XX,0,XX,0,0,X,1,160
0F A1,POP FS,1,0,0,A1,0,1,1,0,01/10,XX,0,XX,0,1,1,1,161
A4,"MOVS m8,m8",0,0,0,A4,0,0,1,0,00,XX,0,XX,0,0,X,0,164
A5,"MOVS m16,m16",0,0,0,A5,0,0,1,1,01,XX,0,XX,0,0,X,1,165
A5,"MOVS m32,m32",0,0,0,A5,0,0,1,0,10,XX,0,XX,0,0,X,1,165
0F A8,PUSH GS,1,0,0,A8,0,0,1,0,01/10,XX,0,XX,0,0,X,1,168
0F A9,POP GS,1,0,0,A9,0,1,1,0,01/10,XX,0,XX,0,1,1,1,169
0F B0 /r,"CMPXCHG r/m8,r8",1,1,0,B0,0,0,1,1,00,XX,1,XX,0,0,X,0,176
B0+ rb,"MOV r8,imm8",0,0,1,B0,0,0,1,0,00,00,0,XX,0,0,X,0,176
0F B1 /r,"CMPXCHG r/m16,r16",1,1,0,B1,0,0,1,1,01,XX,1,XX,0,0,X,1,177
0F B1 /r,"CMPXCHG r/m32,r32",1,1,0,B1,0,0,1,0,10,XX,1,XX,0,0,X,1,177
B8+ rw,"MOV r16,imm16",0,0,2,B8,0,0,1,1,01,01,0,XX,0,0,X,1,184
B8+ rd,"MOV r32,imm32",0,0,4,B8,0,0,1,0,10,11,0,XX,0,0,X,1,184
0F BC,"BSF r16,r/m16",1,1,0,BC,0,0,1,1,01,XX,1,XX,0,0,X,1,188
0F BC,"BSF r32,r/m32",1,1,0,BC,0,0,1,0,10,XX,1,XX,0,0,X,1,188
C0 /4 ib,"SAL r/m8,imm8",0,1,1,C0,0,0,1,1,00,00,1,XX,0,0,X,0,192
C0 /7 ib,"SAR r/m8,imm8",0,1,1,C0,0,0,1,0,00,00,1,XX,0,0,X,0,192
C1 /4 ib,"SAL r/m16,imm8",0,1,1,C1,0,0,1,1,01,00,1,XX,0,0,X,1,193
C1 /4 ib,"SAL r/m32,imm8",0,1,1,C1,0,0,1,1,10,00,1,XX,0,0,X,1,193
C1 /7 ib,"SAR r/m16,imm8",0,1,1,C1,0,0,1,1,01,00,1,XX,0,0,X,1,193
C1 /7 ib,"SAR r/m32,imm8",0,1,1,C1,0,0,1,0,10,00,1,XX,0,0,X,1,193
C2 iw,RET imm16,0,0,2,C2,1,0,1,0,01/10,10,0,10,0,0,X,1,194
C3,RET,0,0,0,C3,1,0,1,0,01/10,XX,0,10,0,0,X,1,195
C6 /0,"MOV r/m8,imm8",0,1,1,C6,0,0,1,0,00,00,0,XX,0,0,X,0,198
C7 /0,"MOV r/m16,imm16",0,1,2,C7,0,0,1,1,01,01,0,XX,0,0,X,1,199
C7 /0,"MOV r/m32,imm32",0,1,4,C7,0,0,1,0,10,11,0,XX,0,0,X,1,199
CA iw,RET imm16,0,0,2,CA,1,1,1,0,10/11,10,0,10,1,0,X,1,202
CB,RET,0,0,0,CB,1,1,1,0,10/11,XX,0,10,1,0,X,1,203
CF,IREtd,0,0,0,CF,1,1,0,0,"11, 10",XX,1,10,1,0,X,0,207
D0 /4,"SAL r/m8,1",0,1,0,D0,0,0,1,1,00,XX,1,XX,0,0,X,0,208
D0 /7,"SAR r/m8,1",0,1,0,D0,0,0,1,0,00,XX,1,XX,0,0,X,0,208
D1 /4,"SAL r/m16,1",0,1,0,D1,0,0,1,1,01,XX,1,XX,0,0,X,1,209
D1 /4,"SAL r/m32,1",0,1,0,D1,0,0,1,1,10,XX,1,XX,0,0,X,1,209
D1 /7,"SAR r/m16,1",0,1,0,D1,0,0,1,1,01,XX,1,XX,0,0,X,1,209
D1 /7,"SAR r/m32,1",0,1,0,D1,0,0,1,0,10,XX,1,XX,0,0,X,1,209
D2 /4,"SAL r/m8,CL",0,1,0,D2,0,0,1,1,00,XX,1,XX,0,0,X,0,210
D2 /7,"SAR r/m8,CL",0,1,0,D2,0,0,1,0,00,XX,1,XX,0,0,X,0,210
D3 /4,"SAL r/m16,CL",0,1,0,D3,0,0,1,1,01,XX,1,XX,0,0,X,1,211
D3 /4,"SAL r/m32,CL",0,1,0,D3,0,0,1,1,10,XX,1,XX,0,0,X,1,211
D3 /7,"SAR r/m16,CL",0,1,0,D3,0,0,1,1,01,XX,1,XX,0,0,X,1,211
D3 /7,"SAR r/m32,CL",0,1,0,D3,0,0,1,0,10,XX,1,XX,0,0,X,1,211
0F E0 /r,"PAVGB mm1, mm2/m64",1,0,0,E0,0,0,1,0,11,XX,0,XX,0,0,X,0,224
0F E3 /r,"PAVGW mm1, mm2/m64",1,0,0,E3,0,0,1,0,11,XX,0,XX,0,0,X,0,227
E8 cw,CALL rel16,0,0,2,E8,1,0,1,1,01,01,0,00,0,0,X,1,232
E8 cd,CALL rel32,0,0,4,E8,1,0,1,0,10,11,0,00,0,0,X,1,232
E9 cw,JMP rel16,0,0,2,E9,1,0,1,1,01,01,0,00,0,0,X,1,233
E9 cd,JMP rel32,0,0,4,E9,1,0,1,0,10,11,0,00,0,0,X,1,233
EA cd,JMP ptr16:16,0,0,4,EA,1,1,1,1,01,11,0,11,1,0,X,1,234
EA cp,JMP ptr16:32,0,0,6,EA,1,1,1,0,10,11,0,11,1,0,X,1,234
EB cb,JMP rel8,0,0,1,EB,1,0,1,0,01/10/XX,00,0,00,0,0,X,1,235
F3 A4,"REP MOVS m8,m8",0,0,0,F3,0,0,0,1,00,XX,0,XX,0,0,X,1,243
F3 A5,"REP MOVS m16,m16",0,0,0,F3,0,0,0,1,01,XX,0,XX,0,0,X,1,243
F3 A5,"REP MOVS m32,m32",0,0,0,F3,0,0,0,1,10,XX,0,XX,0,0,X,1,243
F3 A7,"REPE CMPS m32,m32",0,0,0,F3,0,0,0,0,10,XX,1,XX,0,0,X,1,243
F4,HLT,0,0,0,F4,0,0,1,0,XX,XX,0,XX,0,0,X,0,244
F6 /2,NOT r/m8,0,1,0,F6,0,0,1,0,00,XX,0,XX,0,0,X,0,246
F7 /2,NOT r/m16,0,1,0,F7,0,0,1,1,01,XX,0,XX,0,0,X,1,247
F7 /2,NOT r/m32,0,1,0,F7,0,0,1,0,10,XX,0,XX,0,0,X,1,247
FC,CLD,0,0,0,FC,0,0,1,0,XX,XX,1,XX,0,0,X,0,252
0F FD /r,"PADDW mm, mm/m64",1,0,0,FD,0,0,1,1,11,XX,1,XX,0,0,X,0,253
FD,STD,0,0,0,FD,0,0,1,0,XX,XX,1,XX,0,0,X,0,253
0F FE /r,"PADDD mm, mm/m64",1,0,0,FE,0,0,1,0,11,XX,1,XX,0,0,X,0,254
FF /2,CALL r/m16,0,1,0,FF,1,0,1,1,01,XX,0,01/10,0,0,X,1,255
FF /2,CALL r/m32,0,1,0,FF,1,0,1,1,10,XX,0,01/10,0,0,X,1,255
FF /4,JMP r/m16,0,1,0,FF,1,0,1,1,01,XX,0,01/10,0,0,X,1,255
FF /4,JMP r/m32,0,1,0,FF,1,0,1,1,10,XX,0,01/10,0,0,X,1,255
FF /6,PUSH r/m16,0,1,0,FF,0,0,1,1,01,XX,0,XX,0,0,X,1,255
FF /6,PUSH r/m32,0,1,0,FF,0,0,1,0,10,XX,0,XX,0,0,X,1,255
XX,INTEX,0,0,0,XX,1,1,0,0,"10, 11",XX,0,XX,1,0,X,0,#NUM!